testno,rps,elevation_input,azimuth_input
0,50,0.00,0.40
1,50,0.10,0.40
2,50,0.20,0.40
3,50,0.30,0.40
4,60,0.00,0.40
5,60,0.10,0.40
6,60,0.20,0.40
7,60,0.30,0.40
8,70,0.00,0.40
9,70,0.10,0.40
10,70,0.20,0.40
11,70,0.30,0.40
12,70,0.35,0.40
13,80,0.00,0.40
14,80,0.10,0.40
15,80,0.20,0.40
16,80,0.30,0.40
17,80,0.40,0.40
18,50,0.25,-1.00
19,50,0.25,-0.50
20,50,0.25,0.00
21,50,0.25,0.50
22,50,0.25,1.00
23,70,0.25,-1.00
24,70,0.25,-0.50
25,70,0.25,0.00
26,70,0.25,0.50
27,70,0.25,1.00